seqnames,start,end,width,strand,beta_cd,beta_uc
chr3,38548501,38548501,1,*,0.0305,0.2578
chr3,38548784,38548784,1,*,-0.0235,0.0579
chr3,38548867,38548867,1,*,0.009,0.0202
chr3,38549358,38549358,1,*,-0.018,0.0518
chr3,38549359,38549359,1,*,-0.0144,0.0545
chr3,38549568,38549568,1,*,0.0125,0.0104
chr3,38550198,38550198,1,*,-0.0158,0.0547
chr3,38550915,38550915,1,*,-0.0155,0.0563
chr3,38551902,38551902,1,*,-0.0122,0.0559
chr3,38552195,38552195,1,*,0.056,0.0128
chr3,38552452,38552452,1,*,-0.0126,0.054
chr3,38553116,38553116,1,*,-0.0388,0.022
chr3,38553185,38553185,1,*,-0.0609,0.1368
chr3,38553482,38553482,1,*,0.0065,0.0503
chr3,38554829,38554829,1,*,-0.0228,-0.0629
chr3,38555567,38555567,1,*,-0.0419,0.0222
chr3,38555989,38555989,1,*,-0.2228,0.0139
chr3,38556067,38556067,1,*,-0.013,0.0521
chr3,38556376,38556376,1,*,-0.0386,0.0254
chr3,38556844,38556844,1,*,-0.0328,0.0325
chr3,38556908,38556908,1,*,-0.0434,0.0236
chr3,38556968,38556968,1,*,0.0573,0.014
chr3,38557178,38557178,1,*,0.0561,0.0251
chr3,38557203,38557203,1,*,0.1306,0.0071
chr3,38557465,38557465,1,*,-0.0121,0.0533
chr3,38557546,38557546,1,*,-0.0136,0.0533
chr3,38558216,38558216,1,*,-0.0351,-0.0194
chr3,38558256,38558256,1,*,0.0409,0.0123
chr3,38558321,38558321,1,*,-0.0158,0.0506
chr3,38558610,38558610,1,*,-0.0366,0.0231
chr3,38558965,38558965,1,*,-0.0018,0.0523
chr3,38559270,38559270,1,*,-0.0128,0.1034
chr3,38559746,38559746,1,*,0.0043,-0.0222
chr3,38561115,38561115,1,*,-0.0397,0.0262
chr3,38561364,38561364,1,*,-0.005,0.0195
chr3,38561392,38561392,1,*,0.0403,-0.0059
chr3,38561578,38561578,1,*,-0.0172,0.0563
chr3,38562004,38562004,1,*,-0.0187,0.0587
chr3,38562077,38562077,1,*,0.0893,-0.0678
chr3,38562637,38562637,1,*,-0.1284,0.0664
chr3,38563154,38563154,1,*,0.0584,0.0208
chr3,38564084,38564084,1,*,0.1838,NA
chr3,38564241,38564241,1,*,0.0228,0.0355
chr3,38564320,38564320,1,*,0.0878,-0.016
chr3,38564668,38564668,1,*,-0.0049,0.0411
chr3,38565097,38565097,1,*,0.0207,0.0066
chr3,38565223,38565223,1,*,0.0205,-0.0179
chr3,38565255,38565255,1,*,-0.0355,-0.0695
chr3,38565587,38565587,1,*,0.018,-0.0226
chr3,38565738,38565738,1,*,-0.0249,-0.0605
chr3,38565812,38565812,1,*,0.0303,-0.0071
chr3,38565830,38565830,1,*,-0.1365,-0.2273
chr3,38565865,38565865,1,*,0.0297,-0.0077
chr3,38565977,38565977,1,*,-0.0078,0.0643
chr3,38566107,38566107,1,*,0.0262,0.0374
chr3,38566944,38566944,1,*,-0.0069,0.0134
chr3,38566952,38566952,1,*,0.1058,0.1584
chr3,38567094,38567094,1,*,0.0727,0.1549
chr3,38567112,38567112,1,*,0.0246,-0.0543
chr3,38567796,38567796,1,*,-0.0023,0.0913
chr3,38567843,38567843,1,*,0.0263,-0.063
chr3,38568258,38568258,1,*,-0.0326,0.0395
chr3,38568934,38568934,1,*,-0.1607,0.1698
chr3,38568980,38568980,1,*,0.0213,-0.0699
chr3,38569913,38569913,1,*,-0.0288,0.0045
chr3,38569914,38569914,1,*,0.0686,0.0512
chr3,38570213,38570213,1,*,0.022,-0.0663
chr3,38570735,38570735,1,*,0.022,-0.0667
chr3,38572756,38572756,1,*,0.0452,0.1611
chr3,38572989,38572989,1,*,0.0283,-0.057
chr3,38573034,38573034,1,*,0.0224,0.1411
chr3,38573171,38573171,1,*,0.0491,-0.0212
chr3,38573825,38573825,1,*,-0.0213,0.0552
chr3,38574042,38574042,1,*,-0.0065,-0.0488
chr3,38574139,38574139,1,*,0.039,0.1569
chr3,38574449,38574449,1,*,0.2169,0.3269
chr3,38575129,38575129,1,*,0.0456,-0.0188
chr3,38575385,38575385,1,*,-0.4789,NA
chr3,38575944,38575944,1,*,-0.007,0.0266
chr3,38576651,38576651,1,*,-0.0248,-0.0474
chr3,38577202,38577202,1,*,-0.03,0.0686
chr3,38577604,38577604,1,*,0.0188,0.1111
chr3,38577760,38577760,1,*,0.1179,0.0458
chr3,38577821,38577821,1,*,-0.0158,-0.0065
chr3,38577857,38577857,1,*,0.0434,-0.0486
chr3,38578555,38578555,1,*,0.0637,-0.0896
chr3,38578707,38578707,1,*,-0.0378,0.0077
chr3,38578899,38578899,1,*,0.0612,0.1468
chr3,38578951,38578951,1,*,-0.0173,-0.0053
chr3,38579047,38579047,1,*,-0.1607,0.0931
chr3,38579746,38579746,1,*,-0.0106,0.0554
chr3,38579979,38579979,1,*,0.0416,0.1244
chr3,38580459,38580459,1,*,0.0311,-0.0137
chr3,38580542,38580542,1,*,-0.0027,0.041
chr3,38580976,38580976,1,*,0.0216,-0.0551
chr3,38581377,38581377,1,*,-0.014,0.0291
chr3,38582199,38582199,1,*,0.0225,-0.0684
chr3,38582212,38582212,1,*,0.0395,0.1846
chr3,38582221,38582221,1,*,0.0271,0.1556
chr3,38582261,38582261,1,*,0.0264,0.1745
chr3,38582549,38582549,1,*,-0.0084,0.0295
chr3,38582643,38582643,1,*,0.0661,0.1333
chr3,38582743,38582743,1,*,-0.005,0.0494
chr3,38582762,38582762,1,*,0.0087,-0.0026
chr3,38582852,38582852,1,*,0.0082,0.01
chr3,38583351,38583351,1,*,0.098,-0.04
chr3,38583663,38583663,1,*,0.0995,-0.0422
chr3,38583922,38583922,1,*,-0.1158,-0.0833
chr3,38584218,38584218,1,*,-0.0214,-0.0077
chr3,38584609,38584609,1,*,7e-4,-0.0215
chr3,38584678,38584678,1,*,-0.0187,-0.0262
chr3,38584702,38584702,1,*,-0.0048,-0.0478
chr3,38585197,38585197,1,*,-0.009,0.0426
chr3,38585437,38585437,1,*,0.0945,-0.0454
chr3,38586138,38586138,1,*,0.0252,-0.07
chr3,38586142,38586142,1,*,0.0455,-0.0191
chr3,38586334,38586334,1,*,0.0899,-0.0275
chr3,38586439,38586439,1,*,0.0243,-0.0691
chr3,38587151,38587151,1,*,-0.0443,-0.0167
chr3,38587170,38587170,1,*,0.0152,-0.0571
chr3,38587264,38587264,1,*,0.0248,-0.0182
chr3,38587388,38587388,1,*,-0.0574,-0.0737
chr3,38587794,38587794,1,*,-0.1533,0.2087
chr3,38587988,38587988,1,*,0.0196,-0.0591
chr3,38588276,38588276,1,*,0.0139,-0.0575
chr3,38588323,38588323,1,*,0.0132,-0.057
chr3,38588373,38588373,1,*,0.0139,-0.0582
chr3,38588375,38588375,1,*,0.0139,-0.0593
chr3,38588691,38588691,1,*,0.0135,-0.0569
chr3,38588783,38588783,1,*,0.0129,-0.0577
chr3,38588820,38588820,1,*,-0.0063,-0.0499
chr3,38589020,38589020,1,*,0.0141,-0.057
chr3,38589397,38589397,1,*,-0.0117,0.0369
chr3,38589654,38589654,1,*,0.1634,-0.0111
chr3,38589711,38589711,1,*,-0.0238,0.0389
chr3,38589940,38589940,1,*,-0.0139,0.0451
chr3,38590347,38590347,1,*,-0.0139,0.044
chr3,38590364,38590364,1,*,-0.0401,-0.0192
chr3,38590464,38590464,1,*,-0.0044,-0.0475
chr3,38590556,38590556,1,*,-0.0525,-0.0132
chr3,38590939,38590939,1,*,0.1588,-0.2376
chr3,38590944,38590944,1,*,0.0943,-0.0451
chr3,38591139,38591139,1,*,-0.0045,-0.0486
chr3,38591232,38591232,1,*,-0.0231,0.0372
chr3,38591580,38591580,1,*,-0.018,-0.0078
chr3,38591619,38591619,1,*,-0.0045,-0.0498
chr3,38591749,38591749,1,*,-0.0065,0.0422
chr3,38592199,38592199,1,*,-0.0275,-0.0343
chr3,38592651,38592651,1,*,-0.0232,-0.041
chr3,38592750,38592750,1,*,0.009,-0.0746
chr3,38592852,38592852,1,*,-0.0269,-0.0338
chr3,38593120,38593120,1,*,-0.006,-0.0505
chr3,38593168,38593168,1,*,-0.0062,-0.0275
chr3,38593581,38593581,1,*,-0.0051,-0.0473
chr3,38594098,38594098,1,*,-0.0198,-0.0104
chr3,38594383,38594383,1,*,-0.005,-0.0487
chr3,38594664,38594664,1,*,-0.0278,-0.0336
chr3,38595335,38595335,1,*,-0.0229,7e-4
chr3,38595351,38595351,1,*,-0.0206,3e-4
chr3,38595669,38595669,1,*,-0.019,-0.0087
chr3,38596219,38596219,1,*,-0.0284,-0.0333
chr3,38596503,38596503,1,*,-0.0562,-0.0725
chr3,38596693,38596693,1,*,0.0137,-0.0763
chr3,38596711,38596711,1,*,-0.0282,-0.0401
chr3,38596813,38596813,1,*,-0.0996,0.0163
chr3,38596899,38596899,1,*,-0.0043,-0.049
chr3,38596923,38596923,1,*,0.0594,0.1428
chr3,38597556,38597556,1,*,0.0502,-0.0477
chr3,38599593,38599593,1,*,-0.0037,-0.0516
chr3,38599643,38599643,1,*,-0.0123,6e-4
chr3,38599933,38599933,1,*,-0.0291,0.035
chr3,38601411,38601411,1,*,-0.0314,-0.0084
chr3,38601788,38601788,1,*,-0.0083,0.0076
chr3,38601906,38601906,1,*,-0.2602,NA
chr3,38602038,38602038,1,*,0.0301,-0.077
chr3,38602294,38602294,1,*,-0.0111,-0.0385
chr3,38602771,38602771,1,*,-0.0098,-0.0374
chr3,38604015,38604015,1,*,0.0638,-0.0738
chr3,38604261,38604261,1,*,0.0979,-0.0482
chr3,38604308,38604308,1,*,-0.0118,-0.0075
chr3,38604508,38604508,1,*,0.0958,-0.0419
chr3,38604563,38604563,1,*,-0.2201,0.0258
chr3,38604932,38604932,1,*,-0.0057,-0.0481
chr3,38605134,38605134,1,*,-0.0178,-0.0051
chr3,38605556,38605556,1,*,-0.0052,-0.0492
chr3,38606151,38606151,1,*,-0.0045,-0.0482
chr3,38606289,38606289,1,*,-0.0226,-3e-4
chr3,38606571,38606571,1,*,0.0157,-0.071
chr3,38607553,38607553,1,*,-0.0358,-0.0492
chr3,38608433,38608433,1,*,-0.0615,0.0281
chr3,38608455,38608455,1,*,-0.0277,0.084
chr3,38608689,38608689,1,*,-0.0189,0.0099
chr3,38608969,38608969,1,*,-0.0644,0.0267
chr3,38609450,38609450,1,*,-0.0226,0.0103
chr3,38609951,38609951,1,*,0.0351,-0.1899
chr3,38610356,38610356,1,*,-0.0418,-0.0461
chr3,38610719,38610719,1,*,-0.0176,0.0124
chr3,38611393,38611393,1,*,-0.0274,0.0092
chr3,38611459,38611459,1,*,-0.0676,0.0283
chr3,38611786,38611786,1,*,-0.0695,0.0277
chr3,38611793,38611793,1,*,-0.0678,0.0295
chr3,38612055,38612055,1,*,-0.0671,0.0299
chr3,38612533,38612533,1,*,-0.0088,-0.0318
chr3,38612629,38612629,1,*,-0.0263,0.0098
chr3,38613156,38613156,1,*,0.2281,-0.0154
chr3,38613202,38613202,1,*,-0.0678,0.0284
chr3,38613283,38613283,1,*,-0.0684,0.0208
chr3,38613291,38613291,1,*,-0.0646,0.026
chr3,38613318,38613318,1,*,-0.0694,0.0253
chr3,38613480,38613480,1,*,-0.0662,0.0297
chr3,38614152,38614152,1,*,-0.0108,0.0444
chr3,38614542,38614542,1,*,-0.0309,0.037
chr3,38615354,38615354,1,*,-0.0032,0.0461
chr3,38615504,38615504,1,*,-0.0091,0.0486
chr3,38615988,38615988,1,*,-0.0205,0.0153
chr3,38615989,38615989,1,*,-0.0243,0.0105
chr3,38616217,38616217,1,*,-0.0264,0.0084
chr3,38616408,38616408,1,*,-0.0085,-0.0354
chr3,38616454,38616454,1,*,-0.0228,0.0103
chr3,38616566,38616566,1,*,-0.0078,0.0431
chr3,38616652,38616652,1,*,-0.0251,0.0089
chr3,38616743,38616743,1,*,-0.026,0.0055
chr3,38617671,38617671,1,*,-0.045,0.0234
chr3,38617676,38617676,1,*,-0.0247,0.0422
chr3,38617757,38617757,1,*,-0.0159,0.0104
chr3,38617784,38617784,1,*,-0.163,-0.044
chr3,38618267,38618267,1,*,-0.1028,0.0719
chr3,38618304,38618304,1,*,-0.0073,-0.0151
chr3,38618461,38618461,1,*,-0.0131,0.0086
chr3,38618529,38618529,1,*,-0.011,0.0014
chr3,38619088,38619088,1,*,0.0607,-0.1375
chr3,38619445,38619445,1,*,0.0047,0.0065
chr3,38620042,38620042,1,*,0.0068,0.0163
chr3,38620669,38620669,1,*,-0.0668,-0.0093
chr3,38621470,38621470,1,*,-0.0265,-0.0083
chr3,38622216,38622216,1,*,-0.0281,-0.009
chr3,38622673,38622673,1,*,-0.0103,-0.0046
chr3,38622818,38622818,1,*,0.0252,0.0164
chr3,38622878,38622878,1,*,-0.0268,-0.0116
chr3,38622960,38622960,1,*,0.0314,0.0144
chr3,38623224,38623224,1,*,-0.0281,-0.0428
chr3,38623226,38623226,1,*,0.0294,0.0141
chr3,38623711,38623711,1,*,-0.0117,0.0042
chr3,38623944,38623944,1,*,-0.0568,0.0329
chr3,38624089,38624089,1,*,-0.0196,0.0079
chr3,38624196,38624196,1,*,0.0016,0.0562
chr3,38624260,38624260,1,*,-0.0018,-0.0072
chr3,38624332,38624332,1,*,-0.0097,-0.03
chr3,38624432,38624432,1,*,9e-4,-0.0041
chr3,38624545,38624545,1,*,0.1626,-0.1661
chr3,38624612,38624612,1,*,-0.0566,0.046
chr3,38624632,38624632,1,*,0.0104,0.051
chr3,38624638,38624638,1,*,0.032,0.0341
chr3,38624730,38624730,1,*,-0.0085,0.0246
chr3,38625478,38625478,1,*,-0.0092,0.0384
chr3,38625740,38625740,1,*,-0.0644,-0.0204
chr3,38625794,38625794,1,*,5e-4,0.0079
chr3,38626082,38626082,1,*,-0.0011,-0.011
chr3,38626147,38626147,1,*,-0.1062,-0.0143
chr3,38626704,38626704,1,*,0.0011,0.0487
chr3,38626765,38626765,1,*,-0.0023,-0.0013
chr3,38626892,38626892,1,*,-0.01,0.0803
chr3,38627014,38627014,1,*,-0.0025,-0.0079
chr3,38627622,38627622,1,*,-0.001,0.0368
chr3,38628160,38628160,1,*,-0.1583,0.1374
chr3,38628226,38628226,1,*,0.1045,0.1357
chr3,38628397,38628397,1,*,0.1512,0.0992
chr3,38628530,38628530,1,*,-0.0165,0.062
chr3,38628607,38628607,1,*,-0.0138,0.0018
chr3,38629087,38629087,1,*,-0.111,-0.0097
chr3,38629192,38629192,1,*,-0.0711,0.0085
chr3,38629382,38629382,1,*,-0.1797,-0.2019
chr3,38629530,38629530,1,*,-0.0983,-0.2136
chr3,38629645,38629645,1,*,0.0382,0.0219
chr3,38629661,38629661,1,*,0.0634,0.004
chr3,38629721,38629721,1,*,-0.005,0.0136
chr3,38629819,38629819,1,*,-0.0426,-0.1493
chr3,38629983,38629983,1,*,-0.0154,0.0343
chr3,38630069,38630069,1,*,-0.0087,0.0428
chr3,38630277,38630277,1,*,-0.0482,0.0139
chr3,38630453,38630453,1,*,-0.1107,-0.0289
chr3,38631079,38631079,1,*,-0.0883,-0.19
chr3,38631094,38631094,1,*,0.0137,-0.0137
chr3,38631501,38631501,1,*,0.0151,-0.0112
chr3,38631916,38631916,1,*,-0.0056,-0.0478
chr3,38631996,38631996,1,*,0.0815,0.008
chr3,38632090,38632090,1,*,0.0251,-0.0071
chr3,38632220,38632220,1,*,-0.008,-0.0493
chr3,38632402,38632402,1,*,-0.0192,-0.0205
chr3,38632405,38632405,1,*,-0.0015,-0.0434
chr3,38632984,38632984,1,*,0.0508,0.0156
chr3,38589626,38589626,1,*,NA,-0.2137
chr3,38593468,38593468,1,*,NA,0.0432
chr3,38597342,38597342,1,*,NA,-0.195
chr3,38604618,38604618,1,*,NA,-0.0673
chr3,38606322,38606322,1,*,NA,0.036
chr3,38606985,38606985,1,*,NA,0.2585
chr3,38608413,38608413,1,*,NA,-0.2053
chr3,38608738,38608738,1,*,NA,0.0614
